Model,Accuracy
Random Forest,0.6038332713062895
XGBoost,0.6047636769631559
